,Model,Accuracy,MSE
0,generic,0.8582474226804123,0.005918537234662504
1,specific,0.8788659793814433,0.0047357923785882345
