,Model,Accuracy,MSE,Precision,Recall,f1
0,generic,0.8582474226804123,0.005918537234662504,0.8776595744680851,0.8375634517766497,0.8571428571428572
1,specific,0.8788659793814433,0.0047357923785882345,0.8723404255319149,0.8770053475935828,0.8746666666666667
