Model,Data,Accuracy,MSE,Precision,Recall,f1
Selected 40,generic,0.72972973,0.070419906,0.642857143,0.642857143,0.642857143
Selected 40,specific,0.621621622,0.069791016,0.428571429,0.5,0.461538462
All,generic,0.889175258,0.067485274,0.909574468,0.868020305,0.888311688
All,specific,0.871134021,0.067744063,0.861702128,0.870967742,0.86631016
